"Record ID","Company name","Ticker","Company Rating","Company owner","Create Date","Phone Number","Last Activity Date","Country/Region","Industry"
"16578803000","Cygnus Metals Limited","CY5","","Brad Lowe","2023-07-18 08:39","","2023-07-18 08:45","","Mining & Metals"
"16559136258","Narryer Metals Limited","NYM","","Jake Givoni","2023-07-17 15:57","","2023-07-17 15:57","",""
"16470212960","One Click Group","1CG","","Jake Givoni","2023-07-14 15:11","","2023-07-14 15:12","",""
"16406463917","Auscriticalminerals","ACM","","Greg Lowe","2023-07-13 11:43","","2023-07-17 16:00","",""
"16402961993","West Cobar Metals Limited","WC1","","Brad Lowe","2023-07-13 08:58","","2023-07-13 08:59","","Mining & Metals"
"16374988079","AdAlta Limited","1AD","5","Jake Givoni","2023-07-11 15:26","","2023-07-11 15:27","",""
"16362396471","Identitii Limited","ID8","","Jake Givoni","2023-07-10 14:46","","2023-07-10 14:46","",""
"16360477812","West Wits Mining Limited","WWI","","Ariella Grunfeld","2023-07-10 13:48","","2023-07-13 08:57","",""
"16332117033","Western Gold Resources Limited","WGR","","Ariella Grunfeld","2023-07-07 13:42","","2023-07-07 13:51","",""
"16323380919","New Zealand Coastal Seafoods Limited","NZS","","Jake Givoni","2023-07-06 14:35","","2023-07-18 08:00","",""
"16323380855","Lanthanein Resources Ltd","LNR","","Jake Givoni","2023-07-06 14:31","","2023-07-11 08:00","",""
"16323369541","Opyl","OPL","","Jake Givoni","2023-07-06 14:23","","2023-07-17 08:00","",""
"16313747369","Santa FE Minerals Limited","SFM","","Ariella Grunfeld","2023-07-05 16:24","","2023-07-14 16:22","",""
"16313115486","Mt Malcolm Mines NL","M2M","","Ariella Grunfeld","2023-07-05 14:18","","2023-07-17 16:14","",""
"16313036199","Nyrada","NYR","","Jake Givoni","2023-07-05 13:46","","2023-07-12 15:14","",""
"16313029917","Vection Technologies","VR1","","Jake Givoni","2023-07-05 13:44","","2023-07-13 11:45","",""
"16305188736","Atomo Diagnostics Limited","AT1","","Ariella Grunfeld","2023-07-04 13:48","","2023-07-13 08:00","",""
"16304241707","Nickelx Limited (NKL)","NKL","","Ariella Grunfeld","2023-07-04 12:34","","2023-07-04 16:25","",""
"16296768037","Love Group Global Ltd","LVE","","Jake Givoni","2023-07-03 16:55","","2023-07-03 16:56","",""
"16295851082","Lumos Diagnostics Holdings Limited","LDX","","Ariella Grunfeld","2023-07-03 13:02","","2023-07-03 15:20","",""
"16252365930","Western Yilgarn NL","WYX","","Ariella Grunfeld","2023-06-28 16:08","","2023-06-28 16:27","",""
"16241403189","Lincoln Minerals Limited","LML","","Jake Givoni","2023-06-27 15:42","","2023-07-05 09:39","",""
"16163772054","Infinity Mining Limited","IMI","","Jake Givoni","2023-06-20 15:40","","2023-06-20 15:41","",""
"16158646105","Polarx Limited","PXX","","Brad Lowe","2023-06-20 08:36"," +61 86465-5500","2023-07-06 12:18","Australia",""
"16078355786","Lykos Metals Limited","LYK","","Jake Givoni","2023-06-15 15:50","","2023-06-20 08:00","",""
"16078262380","Noble Helium","NHE","","Brad Lowe","2023-06-15 15:38","","2023-06-16 09:56","","Mining & Metals"
"16077006359","EMVision Medical","EMV","","Brad Lowe","2023-06-15 10:26"," +61 28667-5337","2023-06-19 16:22","Australia",""
"16064530104","Falcon Metals","FAL","","","2023-06-14 20:20"," +61386486684","","Australia",""
"16065062779","Victor Smorgon Group","","","Greg Lowe","2023-06-14 20:11","","","",""
"16064998267","Queensland Pacific","QPM","","Greg Lowe","2023-06-14 19:46","","2023-06-20 14:15","Australia","Mining & Metals"
"16064439563","Tambourah metals","TMB","","Greg Lowe","2023-06-14 19:28","","2023-06-14 19:29","",""
"16063319161","Ellis Martin Report","","","Greg Lowe","2023-06-14 17:32","","2023-06-14 17:33","",""
"16063577767","Falcon metals","FAL","","Greg Lowe","2023-06-14 17:29","","2023-06-19 16:29","",""
"16060822800","ACDC Metals Limited","ADC","","Brad Lowe","2023-06-14 13:04","","2023-06-14 13:22","United Kingdom","Mining & Metals"
"16047831124","Basin Energy","BSN","","Jake Givoni","2023-06-13 11:46","","2023-06-13 11:48","",""
"15998820916","Thrive Tribe Technologies","1TT","","Jake Givoni","2023-06-08 16:35","","2023-06-13 08:00","",""
"15986924181","Diabloresources","DBO","","Greg Lowe","2023-06-07 16:39","","2023-06-27 14:33","","Mining & Metals"
"15984691209","Errawarra Resources Ltd","ERW","","Jake Givoni","2023-06-07 14:50","","2023-06-07 14:52","",""
"15961817746","Felix Group Holdings Limited","FLX","","Brad Lowe","2023-06-05 10:14","","2023-06-19 14:46","","Computer Software"
"15936393504","Corella Resources Ltd","CR9","","Jake Givoni","2023-06-02 13:14","","","",""
"15908119893","wildcatresources.com.au","WC8","","Greg Lowe","2023-05-31 13:20","","2023-05-31 13:21","","Mining & Metals"
"15895040403","Koonenberry Gold","KNB","","Jake Givoni","2023-05-30 12:46","","2023-07-07 08:00","",""
"15886902367","Hawsons Iron Ltd","HIO","","Ariella Grunfeld","2023-05-29 11:12","","2023-06-05 15:33","",""
"15863632711","Errawarra Resources","ERW","","Jake Givoni","2023-05-26 16:02","","2023-06-08 10:19","",""
"15864410237","Trigg Minerals","TMG","","Jake Givoni","2023-05-26 16:01","","2023-06-22 09:12","",""
"15861409046","Los Cerros Limited","LCL","","Ariella Grunfeld","2023-05-26 11:36","","2023-05-26 11:36","",""
"15836933637","E79 Gold Mines","E79","","Jake Givoni","2023-05-24 09:17","","2023-06-28 08:00","",""
"15827050090","Zeus Resources","ZEU","","Jake Givoni","2023-05-23 13:17","","2023-06-29 08:00","",""
"15826871144","Desoto Resources Limited","DES","","Brad Lowe","2023-05-23 12:11","","","",""
"15757666673","IncentiaPay Limited","INP","","Ariella Grunfeld","2023-05-16 16:21","","2023-05-16 16:32","",""
"15755950599","Forrestania Resources Limited","FRS","","Ariella Grunfeld","2023-05-16 13:17","","2023-05-19 08:00","",""
"15744323206","Flexiroam","FRX","","Greg Lowe","2023-05-15 16:47","","2023-05-15 16:48","",""
"15744267315","Zeus Resources Limited","ZEU","","Ariella Grunfeld","2023-05-15 16:31","","","",""
"15744225536","Odessa Minerals Limited","ODE","","Ariella Grunfeld","2023-05-15 16:04","","2023-06-05 15:21","",""
"15744070529","Alto Metals Limited","AME","","Ariella Grunfeld","2023-05-15 14:43","","2023-07-17 16:57","",""
"15724173887","VRX Silica Limited","VRX","","Ariella Grunfeld","2023-05-12 15:42","","2023-06-09 10:34","",""
"15719914566","Coppermoly Limited","COY","","Jake Givoni","2023-05-12 11:32","","2023-06-13 11:43","",""
"15720136598","Kalgoorlie Gold Mining","KAL","","Jake Givoni","2023-05-12 11:27","","2023-05-25 08:00","",""
"15711474087","Anax Metals","ANX","","Jake Givoni","2023-05-11 14:20","","2023-07-18 08:00","",""
"15711463797","Orange Minerals","OMX","","Jake Givoni","2023-05-11 14:16","","2023-06-09 15:12","",""
"15711463782","Armada Metals","AMM","","Jake Givoni","2023-05-11 14:15","","2023-06-16 08:00","",""
"15711388953","Cosmo Metals","CMO","","Jake Givoni","2023-05-11 13:57","","2023-05-18 11:47","",""
"15700490770","Torque Metals Limited","TOR","","Greg Lowe","2023-05-10 09:13"," +61 8 9389 8033","","Australia",""
"15691352500","Dalaroo Metals","DAL","","Jake Givoni","2023-05-09 16:52","","2023-05-29 08:00","",""
"15690471997","Leyland Private Asset Management","","","","2023-05-09 11:45"," +61-0-292267522","","Australia","Financial Services"
"15680405005","OpenLearning Limited","OLL","","Jake Givoni","2023-05-08 13:18","","2023-05-12 09:07","",""
"15660954900","Nutritional Growth Solutions Ltd","NGS","","Ariella Grunfeld","2023-05-05 14:20","","","",""
"15659858186","ChemX Materials Limited","CMX","","Ariella Grunfeld","2023-05-05 09:20","","2023-05-23 17:08","",""
"15640862028","Innogylimited","IOG","","Greg Lowe","2023-05-03 14:18","","2023-05-08 14:47","Australia","Mining & Metals"
"15633227602","Barton Gold","BGD","","Greg Lowe","2023-05-02 17:01","","2023-05-25 09:07","","Mining & Metals"
"15586051151","Hexima Limited","HXL","","Ariella Grunfeld","2023-04-27 14:01","","2023-04-27 16:30","",""
"15549621171","Bergen Asset Management","","","Greg Lowe","2023-04-25 06:57","","2023-04-25 06:57","",""
"15543722002","Lion Energy","LIO","","Jake Givoni","2023-04-24 13:39","","2023-06-21 08:00","",""
"15542502768","PharmAust Limited","PAA","","Ariella Grunfeld","2023-04-24 11:39","","2023-04-24 15:32","",""
"15514134420","Mayur Resources","MRL","","Greg Lowe","2023-04-20 17:27"," +61 73157-4400","2023-04-21 08:22","Australia","Mining & Metals"
"15513326851","Killi Resources","KLI","","Jake Givoni","2023-04-20 15:47","","2023-04-20 15:59","",""
"15513226513","LEWIS VASSOS GING DIRECTOR OLPHIN ARTNERS","","","","2023-04-20 14:24","03-99828506","","Australia",""
"15513159767","Bachelor of Commerce (B DOLPHIN CORPORATE INVESTMENTS","","","","2023-04-20 14:23"," +61427602555","","Australia",""
"15511172938","Pointerra Limited","3DP","","Ariella Grunfeld","2023-04-20 12:14","","2023-04-20 12:57","",""
"15490257234","Advanced Health Intelligence Ltd","AHI","","Ariella Grunfeld","2023-04-18 16:15","","2023-04-27 08:00","",""
"15483208109","Zuleika Gold Limited","ZAG","","Ariella Grunfeld","2023-04-17 16:08","","2023-04-24 08:00","",""
"15482740761","TG Metals Limited","TG6","","Ariella Grunfeld","2023-04-17 15:01","","2023-04-24 08:00","",""
"15399306630","Spenda Limited","SPX","","Ariella Grunfeld","2023-04-06 15:36","","2023-04-06 15:42","",""
"15300341043","Australis","ATS","","Greg Lowe","2023-03-27 12:32","","2023-03-30 14:15","","Oil & Energy"
"15254473251","Readcloud Limited","RCL","","Ariella Grunfeld","2023-03-22 15:09","","2023-03-22 16:17","",""
"15181018718","Pinnacle Minerals","PIM","","Ariella Grunfeld","2023-03-17 16:32","","2023-03-24 08:00","",""
"15116088633","Kairos Minerals Limited","KAI","","Jake Givoni","2023-03-13 15:31","","2023-05-01 08:00","",""
"15114201745","Greenxmetals","GRX","","Greg Lowe","2023-03-13 09:37","","2023-07-16 16:42","","Mining & Metals"
"15013564193","Hiremii","HMI","","Jake Givoni","2023-03-09 14:31","","2023-04-25 08:00","",""
"14993745063","Allupsilica","APS","","Greg Lowe","2023-03-08 11:05","","2023-05-19 14:15","","Mining & Metals"
"14912186258","Palisades Capital","","","Greg Lowe","2023-03-01 09:53","","2023-03-01 10:07","",""
"14864494971","Rocketdna Ltd","RKD","","Ariella Grunfeld","2023-02-27 15:50","","2023-07-12 16:36","",""
"14864380256","RareX Limited","REE","","Ariella Grunfeld","2023-02-27 15:32","","2023-03-30 11:37","",""
"14798766708","Equus Mining Limited","EQE","","Ariella Grunfeld","2023-02-24 14:04","","2023-02-24 14:06","",""
"14797786016","IOUpay Limited","IOU","","Ariella Grunfeld","2023-02-24 12:11","","2023-02-24 12:13","",""
"14795838263","Medlab Clinical Limited","MDC","","Brad Lowe","2023-02-24 09:11","","2023-02-24 09:12","Australia","Biotechnology"
"14753126748","Emyria Limited","EMD","","Greg Lowe","2023-02-21 13:26","","2023-02-21 13:26","",""
"14752624146","Connexion Telematics Ltd","CXZ","","Ariella Grunfeld","2023-02-21 12:28","","2023-02-21 12:30","",""
"14752639139","Globe Metals and Mining","GBE","","Greg Lowe","2023-02-21 11:51","","2023-07-13 11:03","","Mining & Metals"
"14749011848","Metarock","MYE","","Greg Lowe","2023-02-20 12:49","","","",""
"14748828854","Summit Minerals Limited","SUM","","Jonathan Thai","2023-02-20 10:25","","2023-02-20 10:25","","Mining & Metals"
"14748815775","Olympio Metals Ltd","OLY","","Ariella Grunfeld","2023-02-20 10:19","","2023-07-05 13:51","Australia","Mining & Metals"
"14748815747","RBR Group Ltd","RBR","","Jonathan Thai","2023-02-20 10:16"," +61 8 9214 7500","2023-02-20 10:16","Australia","Mining & Metals"
"14748828768","Evion Group NL","EVG","","Jonathan Thai","2023-02-20 10:13","","2023-03-30 10:22","","Mining & Metals"
"14748815714","Leolithium","LLL","","Greg Lowe","2023-02-20 10:11","","","","Mining & Metals"
"14748807812","Turaco Gold Ltd","TCG","","Jonathan Thai","2023-02-20 10:06","","2023-02-20 10:08","","Mining & Metals"
"14748807793","Star Minerals","SMS","","Greg Lowe","2023-02-20 10:02"," +61893210001","2023-02-20 10:03","","Mining & Metals"
"14747193856","Dundas Minerals","DUN","","","2023-02-20 09:58"," +61 4 5702 4143","2023-06-26 14:23","",""
"14748790195","Calima Energy","CE1","","Greg Lowe","2023-02-20 09:41"," +61 8 6500 3270","","Australia","Oil & Energy"
"14727566089","STOCKHEAD","","","","2023-02-20 09:21","","","Australia",""
"14748794523","PLATEKANALYTIC R","","","","2023-02-20 09:21"," +61 423 668 541","","Australia",""
"14748789670","SAYONA MINING LIMITED","SYA","","Greg Lowe","2023-02-20 09:11"," +61733697058","2023-05-10 14:15","Australia","Mining & Metals"
"14728133148","Blue Pearl Consulting","","","","2023-02-20 08:57","","","",""
"13414720904","TIGER TASMAN MINERALS LIMITED","T1G","","Greg Lowe","2023-02-15 17:03","","","Australia",""
"13390128207","Australian Vanadium Limited","AVL","","Greg Lowe","2023-02-15 12:12"," +61 89321-5594","2023-02-15 12:15","Australia","Mining & Metals"
"13378520174","Labyrinth Resources Limited","LRL","","Greg Lowe","2023-02-15 08:44","","2023-02-15 08:45","","Mining & Metals"
"13257560408","Novo Resources","","","Greg Lowe","2023-02-14 19:29","","2023-02-14 16:29","United States","Mining & Metals"
"13255791011","Channel 9 Perth","","","Greg Lowe","2023-02-14 19:09","","2023-02-14 19:09","",""
"13215111044","Sandfire ","SFR","","Greg Lowe","2023-02-14 16:44","","2023-04-18 14:15","Australia","Mining & Metals"
"12417029652","NeuRizer Ltd","NRZ","","Ariella Grunfeld","2023-02-10 14:38","","2023-05-10 13:01","",""
"12087203760","SRJ Technologies","SRJ","","Jake Givoni","2023-02-08 09:50","","2023-02-20 08:00","",""
"12083949704","Future First Technologies","FFT","","Jake Givoni","2023-02-08 09:28","","2023-04-10 08:00","",""
"12048383892","Regeneus Ltd","RGS","","Ariella Grunfeld","2023-02-07 16:54","","2023-02-07 17:00","",""
"11977287351","Activex Limited","AIV","","Ariella Grunfeld","2023-02-06 16:11","","2023-02-07 10:06","",""
"11576196202","Intelicare Holdings Limited","ICR","","Ariella Grunfeld","2023-02-02 17:11","","2023-02-02 18:08","",""
"11575942490","Cirrus Networks Holdings Limited","CNW","","Ariella Grunfeld","2023-02-02 16:03","","2023-02-02 17:10","",""
"11570222999","Astral Resources","AAR","","Jake Givoni","2023-02-02 13:34","","2023-03-09 14:15","",""
"11570222629","Spacetalk Ltd","SPA","","Ariella Grunfeld","2023-02-02 13:07","","2023-02-02 13:36","",""
"11101652123","Titanium Sands","TSL","","Jake Givoni","2023-01-27 15:46","","2023-07-10 08:00","",""
"11078675543","Black Mountain Energy","BME","","Ariella Grunfeld","2023-01-27 13:13","","2023-02-20 12:16","",""
"11078674786","ENRG Elements","EEL","","Jake Givoni","2023-01-27 12:32","","2023-06-13 11:10","",""
"10933673092","junominerals.com.au","JNO","","Greg Lowe","2023-01-25 16:01","","2023-01-27 13:13","","Mining & Metals"
"10933112179","DMC Mining Limited","DMM","","Ariella Grunfeld","2023-01-25 15:51","","2023-01-30 15:00","",""
"10928586038","Patrys Limited","PAB","","Jake Givoni","2023-01-25 11:25","","2023-02-01 08:00","",""
"10929374014","Sky Metals Limited","SKY","","Ariella Grunfeld","2023-01-25 10:25","","2023-05-17 09:57","",""
"10916000368","Sprintex Limited","SIX","","Ariella Grunfeld","2023-01-24 09:53","0892627222","2023-07-07 09:44","Australia","Electrical/Electronic Manufacturing"
"10880979572","Cufe Ltd","CUF","","Ariella Grunfeld","2023-01-20 14:21","","2023-04-28 13:23","",""
"10787650144","Green Critical Minerals Limited","GCD","","Ariella Grunfeld","2023-01-16 11:05","","2023-07-18 08:00","",""
"10695200889","Cosmos Exploration Limited","C1X","","Ariella Grunfeld","2023-01-13 12:04","","2023-02-20 09:58","",""
"10695200530","Andromeda Metals Limited","ADN","","Ariella Grunfeld","2023-01-13 11:42","","2023-01-13 11:51","",""
"10639467535","Mantle Minerals Ltd","MTL","","Ariella Grunfeld","2023-01-12 11:24","","2023-01-13 11:37","",""
"10544177182","GTG","GTG","","Greg Lowe","2023-01-05 20:31","","2022-12-20 13:38","","Biotechnology"
"10488958270","Adelong Gold Limited","ADG","","Ariella Grunfeld","2022-12-30 09:24","","2023-06-19 08:00","",""
"10385796412","Aurora Labs","A3D","","Jake Givoni","2022-12-19 14:34","","2023-06-02 14:45","",""
"10384713516","Eastern Metals Limited","EMS","","Ariella Grunfeld","2022-12-19 10:18","","2023-04-17 14:29","",""
"10348247463","Legacy Minerals","LGM","","Greg Lowe","2022-12-14 15:09","","2023-06-22 10:00","","Mining & Metals"
"10347920903","Genetic Technologies Limited","GTG","","Greg Lowe","2022-12-14 11:59"," +1 704-926-5700","2022-12-14 12:00","United States",""
"10337450632","Cazaly Resources","CAZ","","Jake Givoni","2022-12-13 16:48","","2023-07-11 08:00","",""
"10336182272","NWR Communications","","","Greg Lowe","2022-12-13 13:50","61 4 2058 2887","2022-12-13 13:54","Australia",""
"10289970496","Imagion Biosystems","IBX","","Jake Givoni","2022-12-09 15:39","","2023-07-14 14:57","",""
"10289511564","Argonaut Securities","ARE","","Greg Lowe","2022-12-09 14:14","","2023-07-11 11:25","Australia","Financial Services"
"10278451104","Adherium","ADR","","Greg Lowe","2022-12-08 15:13","","2023-04-04 12:06","United Kingdom",""
"10265246321","Mamba Exploration","M24","","Jake Givoni","2022-12-07 16:07","","2023-06-13 16:35","",""
"10242306839","Vanadium Resources","VR8","","Greg Lowe","2022-12-05 18:02","","2023-06-15 14:15","","Mining & Metals"
"10240404877","Orbital UAV","OEC","","Greg Lowe","2022-12-05 11:11","","2023-02-08 20:33","Australia","Information Technology and Services"
"10204786561","Antisense Therapeutics Limited","ANP","","Ariella Grunfeld","2022-11-30 14:46","","2023-07-17 08:00","","Medical Practice"
"10204851280","Bastion Minerals Limited","BMO","","Ariella Grunfeld","2022-11-30 14:31","","2023-06-21 14:15","","Mining & Metals"
"10196086560","Eden Innovations","EDE","","Jake Givoni","2022-11-29 12:21","","2023-01-13 08:00","",""
"10186823494","Prospect Resources","PSC","","Greg Lowe","2022-11-28 08:57"," +61 8 9217 3300","2022-11-28 08:58","Australia","Mining & Metals"
"10176003612","Shekel Brainweigh","SBW","","Shaun Factor","2022-11-25 10:28"," +972 4-662-9132","2022-11-25 10:24","Israel",""
"10170376843","Auroch Minerals Ltd","AOU","","Ariella Grunfeld","2022-11-24 15:35","","2023-02-15 10:25","",""
"10161943397","Castillo Copper Limited","CCZ","","Ariella Grunfeld","2022-11-23 16:44","","","",""
"10160554398","Cauldron Energy","CXU","","Jake Givoni","2022-11-23 13:40","","2023-07-17 08:00","",""
"10160553579","Codrus Minerals Limited","CDR","","Ariella Grunfeld","2022-11-23 12:36","","2023-05-09 14:00","",""
"10160553537","Linius Technologies","LNU","","Jake Givoni","2022-11-23 12:33","","2023-04-18 11:39","",""
"10151809851","Executive Media","","","Greg Lowe","2022-11-22 15:10","","2022-12-14 14:15","Australia","Publishing"
"10149174911","Corazon Mining Limited","CZN","","Ariella Grunfeld","2022-11-22 14:27","","2023-07-14 16:43","",""
"10147474563","RooLife Group","RLG","","Jake Givoni","2022-11-22 10:05"," +61 86444-1702","2023-06-06 10:00","Australia","Marketing and Advertising"
"10137922708","Iceni Gold Limited","ICL","","Ariella Grunfeld","2022-11-21 15:07","","2023-07-13 11:13","",""
"10137904017","rolifegroup.com.au","","","Greg Lowe","2022-11-21 14:56","","2022-11-21 15:01","","Consumer Goods"
"10115765289","White Rock Minerals","WRM","","Jake Givoni","2022-11-18 14:07","","2022-12-09 08:00","",""
"10098334002","Douugh","","","Greg Lowe","2022-11-17 12:21","","","United States","Financial Services"
"10065651358","Otto Energy","OEL","","Greg Lowe","2022-11-14 15:46","610893227600","2023-03-30 02:13","Australia","Oil & Energy"
"10065609554","Metalicity Limited","MCT","","Jake Givoni","2022-11-14 15:14","","2022-11-24 08:00","",""
"10065515353","Forbidden Foods","FFF","","Jake Givoni","2022-11-14 13:40","","2022-11-14 13:40","",""
"10050454821","Skyfii Ltd","SKF","","Jake Givoni","2022-11-11 10:28","","2023-02-24 10:25","",""
"10050538344","Douugh Limited","DOU","","Paul Franklin","2022-11-11 10:23","","2022-11-30 11:48","",""
"10050454190","Bod Australia Limited","DOB","","Jake Givoni","2022-11-11 10:03","","2023-06-27 16:04","",""
"10042788952","findi.co","FND","","Greg Lowe","2022-11-10 17:48","","2023-03-02 12:34","Netherlands","Financial Services"
"10040537513","Netlinkz Ltd","NET","","Paul Franklin","2022-11-10 11:20","","2022-11-25 08:00","",""
"10033624956","King River Resources","KRR","","Jake Givoni","2022-11-09 16:17","","2022-12-12 11:22","",""
"10024812058","Morella Corporation Limited","1MC","","Ariella Grunfeld","2022-11-08 15:52","","2023-07-07 14:37","",""
"10024811941","Novatti Group Limited","NOV","","Paul Franklin","2022-11-08 15:50","","2022-11-29 08:00","",""
"10022286250","XEC Partners","","","Greg Lowe","2022-11-08 08:54","","","",""
"10022285668","Clean TeQ Water","CNQ","","Greg Lowe","2022-11-08 08:41","","2023-01-31 19:51","","Civil Engineering"
"9999084333","Impact Minerals","IPT","","Jake Givoni","2022-11-07 09:01","","2023-04-21 17:00","",""
"9999084558","Australian Potash Limited","APC","","Paul Franklin","2022-11-07 08:57","","2022-11-07 10:23","",""
"9999084471","Artemis Resources","ARV","","Ariella Grunfeld","2022-11-07 08:55","","2023-06-13 16:23","",""
"9961392553","MetalsTech Limited","MTC","","Jake Givoni","2022-11-03 09:49","","2022-11-25 10:29","",""
"9952697512","Blaze Minerals","BLZ","","Jake Givoni","2022-11-02 10:24","","2022-11-08 09:52","",""
"9941570451","Volt Resources","VRC","","Paul Franklin","2022-11-01 09:28","","2022-11-22 08:40","",""
"9941827685","Auking Mining","AKN","","Paul Franklin","2022-11-01 09:10","","2023-01-31 16:22","",""
"9941827660","Nimy Resources","NIM","","Jake Givoni","2022-11-01 09:09","","2023-02-01 13:54","",""
"9941827482","Australian Mines","AUZ","","Ariella Grunfeld","2022-11-01 09:03","","2023-07-06 12:39","",""
"9935223056","Estrella Resources","ESR","","Greg Lowe","2022-10-31 17:56","","2023-06-20 09:59","","Mining & Metals"
"9934825401","Morella Corporation Limited","1MC","","Ariella Grunfeld","2022-10-31 14:55","","2022-10-31 15:01","",""
"9934364563","New Talisman Gold Mines Limited","NTL","","Ariella Grunfeld","2022-10-31 12:02","","2022-11-23 16:14","",""
"9934008992","Respiri Limited","RSH","","Paul Franklin","2022-10-31 09:19","","2022-10-31 09:20","","Health, Wellness and Fitness"
"9924306282","Enegex Limited","ENX","","Paul Franklin","2022-10-28 16:48","","2022-10-31 09:55","",""
"9924354486","Norwood Systems","NOR","","Paul Franklin","2022-10-28 16:45","","2023-06-22 08:00","",""
"9912619672","180 Markets","","","Simon Szwarc","2022-10-27 14:26","","2023-07-18 09:01","Australia",""
"9911774827","Sipa Resources Ltd","SRI","","Greg Lowe","2022-10-27 08:27","0894813400","2023-07-04 11:35","Australia","Mining & Metals"
"9904420391","Hydralyte","","","Greg Lowe","2022-10-26 17:56","61 3 8629 2929","2022-10-26 17:57","Australia","Food & Beverages"
"9901760441","8common","8CO","","Greg Lowe","2022-10-26 15:47"," +61 2 9387 2509","2022-10-27 14:09","Australia","Computer Software"
"9874666154","Resource Base Limited","RBX","","Ariella Grunfeld","2022-10-24 14:32","","2022-10-25 13:09","",""
"9822363147","Emerge Gaming Limited","EM1","","Paul Franklin","2022-10-17 15:49","","2022-11-22 14:15","","Computer Games"
"9556578619","Bluglass Limited","BLG","","Ariella Grunfeld","2022-09-09 13:24","","2023-03-31 14:15","",""
"9556519543","Greenwing Resources Ltd","GW1","","Ariella Grunfeld","2022-09-09 13:24","","","",""
"9556464296","AD1 Holdings Limited","AD1","","Jake Givoni","2022-09-09 13:24","","2023-04-05 11:00","",""
"9556452187","Gold Mountain Limited","GMN","","Ariella Grunfeld","2022-09-09 13:24","","2023-07-12 16:44","",""
"9556246656","TechGen Metals Limited","TG1","","Ariella Grunfeld","2022-09-09 13:24","","","",""
"9556633482","Aguia Resources","AGR","","Greg Lowe","2022-09-09 13:24","","2023-06-09 09:24","",""
"9556633477","Arcadia Minerals Limited","AM7","","Ariella Grunfeld","2022-09-09 13:24","","2023-05-23 10:35","",""
"9556556549","Opthea","OPT","","Greg Lowe","2022-09-09 13:24","","2022-11-04 12:00","",""
"9556519538","Whitebark Energy Ltd","WBE","","Ariella Grunfeld","2022-09-09 13:24","","","",""
"9556505974","Epsilon Healthcare Limited","EPN","","Ariella Grunfeld","2022-09-09 13:24","","2023-03-01 17:12","",""
"9556494916","Cohiba Minerals Limited","CHK","","Jake Givoni","2022-09-09 13:24","","2023-04-21 14:15","","Mining & Metals"
"9556472838","Horseshoe Metals Limited","HOR","","Ariella Grunfeld","2022-09-09 13:24","","2023-01-09 10:06","",""
"9556452190","Jayex Technology Limited","JTL","","Ariella Grunfeld","2022-09-09 13:24","","","",""
"9556452186","Magmatic Resources","MAG","","Ariella Grunfeld","2022-09-09 13:24","","2022-11-16 08:00","",""
"9556179060","Besra Gold Inc","BEZ","","Jake Givoni","2022-09-09 13:24","","","",""
"9556113565","Pearl Global Limited","PG1","","Ariella Grunfeld","2022-09-09 13:24","","","",""
"9556630081","Magnetite Mines","MGT","","Greg Lowe","2022-09-09 13:24","","2022-10-25 14:35","",""
"9556578629","Atrum Coal Limited","ATU","","Ariella Grunfeld","2022-09-09 13:24","","","",""
"9556578625","Ardiden Limited","ADV","","Jake Givoni","2022-09-09 13:24","","2022-11-15 08:39","",""
"9556578617","Echo IQ Limited","EIQ","","Jake Givoni","2022-09-09 13:24","","","",""
"9556530851","Belararox Limited","BRX","","Jake Givoni","2022-09-09 13:24","","2023-06-20 14:17","",""
"9556530844","PointsBet","PBH","","Greg Lowe","2022-09-09 13:24","","","",""
"9556484500","Osteopore","OSX","","Greg Lowe","2022-09-09 13:24","","","",""
"9556409126","Grand Gulf Energy","GGE","","Greg Lowe","2022-09-09 13:24","","2023-03-22 12:09","",""
"9556409125","Manuka Resources Limited","MKR","","Jake Givoni","2022-09-09 13:24","","","",""
"9556595229","Canyon Resources Ltd","CAY","","Ariella Grunfeld","2022-09-09 13:24","","","",""
"9556592703","AXP Energy","AXP","","Greg Lowe","2022-09-09 13:24","","","",""
"9556568591","Australian Gold and Copper Ltd","AGC","","Jake Givoni","2022-09-09 13:24","","2023-07-12 12:05","",""
"9556556550","Cycliq Group Ltd","CYQ","","Ariella Grunfeld","2022-09-09 13:24","","","",""
"9556556545","Peako Limited","PKO","","Ariella Grunfeld","2022-09-09 13:24","","2023-01-25 13:04","",""
"9556519541","Panther Metals Ltd","PNT","","Ariella Grunfeld","2022-09-09 13:24","","2023-05-25 14:28","",""
"9556494926","AML3D Limited","AL3","","Ariella Grunfeld","2022-09-09 13:24","","2023-02-01 12:39","",""
"9556435009","Nelson Resources Limited","NES","","Ariella Grunfeld","2022-09-09 13:24","","2023-07-05 16:41","",""
"9556435002","Metro Mining Limited","MMI","","Ariella Grunfeld","2022-09-09 13:24","","","",""
"9556179074","Eclipse Metals","EPM","","Greg Lowe","2022-09-09 13:24","","2023-07-07 09:14","",""
"9556179055","Winchester Energy","WEL","","Jake Givoni","2022-09-09 13:24","","","",""
"9556556551","Oventus Medical Limited","OVN","","Jake Givoni","2022-09-09 13:24","","","",""
"9556556470","Lakes Blue Energy NL","LKO","","Jake Givoni","2022-09-09 13:24","","","",""
"9556545899","Athena Resources Limited","AHN","","Jake Givoni","2022-09-09 13:24","","2023-06-13 16:46","",""
"9556545898","Future Metals NL","FME","","Ariella Grunfeld","2022-09-09 13:24","","","",""
"9556530850","Range International Limited","RAN","","Ariella Grunfeld","2022-09-09 13:24","","2022-11-21 11:27","",""
"9556505975","Culpeo Minerals Limited","CPO","","Ariella Grunfeld","2022-09-09 13:24","","","",""
"9556472833","Bioxyne Limited","BXN","","Ariella Grunfeld","2022-09-09 13:24","","","",""
"9556422295","Norwest Minerals Limited","NWM","","Ariella Grunfeld","2022-09-09 13:24","","","",""
"9556211357","Titan Minerals","TTM","","Ariella Grunfeld","2022-09-09 13:24","","2023-07-06 12:02","",""
"9556211356","Clara Resources","ANW","","Jake Givoni","2022-09-09 13:24","","2023-04-14 08:00","",""
"9556179076","Valor Resources Limited","VAL","","Ariella Grunfeld","2022-09-09 13:24","","2023-05-19 09:39","",""
"9556113566","BBX Minerals","BBX","","Greg Lowe","2022-09-09 13:24","","2023-01-12 08:00","",""
"9556592705","Asar Minerals","ASR","","","2022-09-09 13:24","","","",""
"9556578628","Pearl Gull Iron Limited","PLG","","Jake Givoni","2022-09-09 13:24","","","",""
"9556556557","Diatreme Resources Limited","DRX","","Ariella Grunfeld","2022-09-09 13:24","","","",""
"9556556548","Australian United Mining","AYM","","Jake Givoni","2022-09-09 13:24","","","",""
"9556530856","Golden Cross Resources Limited","GCR","","Ariella Grunfeld","2022-09-09 13:24","","","",""
"9556519534","Paterson Resources Limited","PSL","","Ariella Grunfeld","2022-09-09 13:24","","2023-07-18 08:00","",""
"9556494921","Volt Power Group Limited","VPR","","Ariella Grunfeld","2022-09-09 13:24","","","",""
"9556494911","Payright","PYR","","Greg Lowe","2022-09-09 13:24","","","",""
"9556484485","Aeramentum Resources","AER","","Greg Lowe","2022-09-09 13:24","","","",""
"9556211354","Tesoro Gold Ltd","TSO","","Ariella Grunfeld","2022-09-09 13:24","","2023-07-12 14:15","",""
"9556211351","Rafaella Resources Ltd","RFR","","Ariella Grunfeld","2022-09-09 13:24","","","",""
"9556113568","Tasman Resources","TAS","","Jake Givoni","2022-09-09 13:24","","2023-01-18 11:31","",""
"9556568599","Meteoric Resources NL","MEI","","Jake Givoni","2022-09-09 13:24","","2023-06-02 14:15","",""
"9556556553","Lindian Resources Limited","LIN","","Ariella Grunfeld","2022-09-09 13:24","","","",""
"9556545902","Black Dragon Gold","BDG","","Jake Givoni","2022-09-09 13:24","","","",""
"9556530852","Ozaurum Resources","OZM","","Ariella Grunfeld","2022-09-09 13:24","","2023-07-03 08:00","",""
"9556484497","Altamin Limited","AZI","","Ariella Grunfeld","2022-09-09 13:24","","","",""
"9556484487","Kula Gold","KGD","","Jake Givoni","2022-09-09 13:24","","2023-02-15 08:36","",""
"9556472846","Constellation Technologies Limited","CT1","","Ariella Grunfeld","2022-09-09 13:24","","2023-02-24 14:10","",""
"9556435005","Westar Resources Limited","WSR","","Ariella Grunfeld","2022-09-09 13:24","","2023-03-10 08:00","",""
"9556246648","BBX Minerals Limited","BBX","","Ariella Grunfeld","2022-09-09 13:24","","2023-01-30 14:15","",""
"9556199964","Buru Energy Limited","BRU","","Ariella Grunfeld","2022-09-09 13:24","","","",""
"9556179082","Firebird Metals Limited","FRB","","Ariella Grunfeld","2022-09-09 13:24","","","",""
"9556633491","Sunshine Gold","SHN","","Ariella Grunfeld","2022-09-09 13:24","","2023-04-18 08:00","",""
"9556633469","Anteris Technology","AVR","","Greg Lowe","2022-09-09 13:24","","","",""
"9556595227","Reward Minerals Ltd","RWD","","Ariella Grunfeld","2022-09-09 13:24","","2023-02-21 14:37","",""
"9556592713","Byron Energy Limited","BYE","","Ariella Grunfeld","2022-09-09 13:24"," +61 38610-6583","2023-03-08 14:15","Australia","Oil & Energy"
"9556568604","Intra Energy Corporation","IEC","","Jake Givoni","2022-09-09 13:24","","2023-03-30 09:43","",""
"9556568597","Prospech Limited","PRS","","Jake Givoni","2022-09-09 13:24","","","",""
"9556519527","Lode Resources Ltd","LDR","","Ariella Grunfeld","2022-09-09 13:24","","2023-02-07 12:20","",""
"9556494927","OAR Resources Limited","OAR","","Ariella Grunfeld","2022-09-09 13:24","","","",""
"9556494924","Kingfisher Mining","KFM","","Jake Givoni","2022-09-09 13:24","","2022-12-05 18:13","",""
"9556199962","Way 2 Vat Ltd","W2V","","Ariella Grunfeld","2022-09-09 13:24","","","",""
"9556484486","Cyclone Metals Limited","CLE","","Ariella Grunfeld","2022-09-09 13:24","","2023-04-16 13:17","",""
"9556179081","East 33 Limited","E33","","Ariella Grunfeld","2022-09-09 13:24","","","",""
"9556568595","BMG Resources Limited","BMG","","Ariella Grunfeld","2022-09-09 13:24","","","",""
"9556505978","Ozz Resources Limited","OZZ","","Ariella Grunfeld","2022-09-09 13:24","","2023-02-22 13:29","",""
"9556472836","Zinc of Ireland NL","ZMI","","Ariella Grunfeld","2022-09-09 13:24","","","",""
"9556435004","Hydrocarbon Dynamics Limited","HCD","","Ariella Grunfeld","2022-09-09 13:24","","2023-02-07 16:46","",""
"9556633489","Argent Minerals Limited","ARD","","Ariella Grunfeld","2022-09-09 13:24","","2023-07-06 14:53","",""
"9556633483","Mantle Minerals (formally CAD)","CAD","","Ariella Grunfeld","2022-09-09 13:24","","2023-02-02 17:06","",""
"9556630077","Dorsavi Ltd","DVL","","Ariella Grunfeld","2022-09-09 13:24","","2022-11-01 11:18","",""
"9556592716","Oncosil Medical Limited","OSL","","Ariella Grunfeld","2022-09-09 13:24","","2022-12-14 10:31","",""
"9556545896","PNX Metals","PNX","","Jake Givoni","2022-09-09 13:24","","","",""
"9556530847","Native Mineral Resources Holdings Limited","NMR","","Ariella Grunfeld","2022-09-09 13:24","","","",""
"9556472839","Godolphin Resources Limited","GRL","","Ariella Grunfeld","2022-09-09 13:24","","2023-05-17 16:33","",""
"9556452188","DGR Global Limited","DGR","","Ariella Grunfeld","2022-09-09 13:24","","2023-05-09 09:58","",""
"9556422297","PhosCo Ltd","PHO","","Ariella Grunfeld","2022-09-09 13:24","","","",""
"9556409113","Megado Minerals Limited","MEG","","Ariella Grunfeld","2022-09-09 13:24","","2023-02-17 14:20","",""
"9556113577","Ragnar Metals Limited","RAG","","Ariella Grunfeld","2022-09-09 13:24","","2023-05-30 13:03","",""
"9556592711","Ionic Rare Earths Limited","IXR","","Ariella Grunfeld","2022-09-09 13:24","","","",""
"9556568598","Noronex Limited","NRX","","Ariella Grunfeld","2022-09-09 13:24","(08) 6555 2950","2023-05-19 08:00","",""
"9556556554","Corella Resources Ltd","CR9","","Ariella Grunfeld","2022-09-09 13:24","","2023-06-07 08:00","",""
"9556505976","Tombola Gold","TBA","","Ariella Grunfeld","2022-09-09 13:24","","","",""
"9556494920","Pursuit Minerals Limited","PUR","","Ariella Grunfeld","2022-09-09 13:24","","2023-06-21 14:15","",""
"9556484501","Toro Energy","TOE","","Ariella Grunfeld","2022-09-09 13:24","","2023-07-17 08:00","",""
"9556484499","Dreadnought Resources Ltd","DRE","","Ariella Grunfeld","2022-09-09 13:24","","","",""
"9556472841","Papyrus Australia Limited","PPY","","Jake Givoni","2022-09-09 13:24","","2023-05-31 09:32","",""
"9556464288","Woomera Mining Limited","WML","","Ariella Grunfeld","2022-09-09 13:24","","","",""
"9556452175","Red Sky Energy Limited","ROG","","Ariella Grunfeld","2022-09-09 13:24","","2023-04-21 16:13","",""
"9556409119","eNova Mining Limited","ENV","","Jake Givoni","2022-09-09 13:24","","2023-07-18 08:00","",""
"9556409116","Wia Gold Limited","WIA","","Ariella Grunfeld","2022-09-09 13:24","","2023-06-14 13:48","",""
"9556246646","Middle Island Resources Limited","MDI","","Ariella Grunfeld","2022-09-09 13:24","","2023-07-14 13:22","",""
"9556199961","New Age Exploration","NAE","","Ariella Grunfeld","2022-09-09 13:24","","","",""
"9556179068","Golden Deeps Limited","GED","","Ariella Grunfeld","2022-09-09 13:24","","","",""
"9556592717","xReality Group Ltd","XRG","","Ariella Grunfeld","2022-09-09 13:24","","","",""
"9556578624","The Food Revolution Group Limited","FOD","","Jake Givoni","2022-09-09 13:24","","2023-02-01 14:49","",""
"9556530858","Talon Energy Ltd","TPD","","Ariella Grunfeld","2022-09-09 13:24","","","",""
"9556530857","Cue Energy Resources Limited","CUE","","Jake Givoni","2022-09-09 13:24","","","",""
"9556519539","Strategic Energy","SER","","Jake Givoni","2022-09-09 13:24","","2023-06-23 13:55","",""
"9556505981","Petratherm Ltd","PTR","","Jake Givoni","2022-09-09 13:24","","2023-02-22 16:44","",""
"9556494919","Venture Minerals Limited","VMS","","Ariella Grunfeld","2022-09-09 13:24","","","",""
"9556494917","Holista Colltech Limited","HCT","","Jake Givoni","2022-09-09 13:24","","","",""
"9556409124","IPB Petroleum Limited","IPB","","Ariella Grunfeld","2022-09-09 13:24","","2022-11-25 14:16","",""
"9556409120","QEM Limited","QEM","","Ariella Grunfeld","2022-09-09 13:24","","2023-04-24 14:43","",""
"9556179078","Okapi Resources Limited","OKR","","Ariella Grunfeld","2022-09-09 13:24","","","",""
"9556179065","Broo Ltd","BEE","","Ariella Grunfeld","2022-09-09 13:24","","","",""
"9556630069","Protean Energy Limited","POW","","Ariella Grunfeld","2022-09-09 13:24","","","",""
"9556595232","Tyranna Resources Limited","TYX","","Ariella Grunfeld","2022-09-09 13:24","","","",""
"9556578615","Jatcorp Limited","JAT","","Ariella Grunfeld","2022-09-09 13:24","","2023-03-06 14:36","",""
"9556556546","Nanoveu Limited","NVU","","Ariella Grunfeld","2022-09-09 13:24","","2023-04-18 15:53","",""
"9556545901","VDM Group Limited","VMG","","Jake Givoni","2022-09-09 13:24","","","",""
"9556519536","Biotron Limited","BIT","","Ariella Grunfeld","2022-09-09 13:24","","","",""
"9556519533","3D Oil Limited","TDO","","Ariella Grunfeld","2022-09-09 13:24","","","",""
"9556505979","Terramin Australia Limited","TZN","","Ariella Grunfeld","2022-09-09 13:24","","","",""
"9556505977","Veris Limited","VRS","","Ariella Grunfeld","2022-09-09 13:24","","","",""
"9556505966","Boadicea Resources Limited","BOA","","Ariella Grunfeld","2022-09-09 13:24","","2023-02-20 10:03","",""
"9556472840","Austin Metals Limited","AYT","","Ariella Grunfeld","2022-09-09 13:24","","2023-07-10 14:48","",""
"9556179071","NewPeak Metals","NPM","","Jake Givoni","2022-09-09 13:24","","2023-06-15 10:40","",""
"9556179062","Copper Strike Limited","CSE","","Ariella Grunfeld","2022-09-09 13:24","","","",""
"9556595231","WhiteHawk Limited","WHK","","Ariella Grunfeld","2022-09-09 13:24","","2023-05-31 17:59","",""
"9556592714","Xstate","XST","","Greg Lowe","2022-09-09 13:24","","2023-05-11 14:15","","Oil & Energy"
"9556578630","Tennant Minerals Limited","TMS","","Ariella Grunfeld","2022-09-09 13:24","","2023-02-13 08:00","",""
"9556578620","Winchester Energy Limited","WEL","","Ariella Grunfeld","2022-09-09 13:24","","2023-02-27 16:44","",""
"9556568592","Golden Mile Resources Ltd","G88","","Ariella Grunfeld","2022-09-09 13:24","","2023-06-29 08:00","",""
"9556556471","Resource Mining Corporation Limited","RMI","","Ariella Grunfeld","2022-09-09 13:24","","2023-06-27 16:55","",""
"9556484494","Triangle Energy (Global) Limited","TEG","","Jake Givoni","2022-09-09 13:24","","2023-02-03 11:31","",""
"9556472843","Wellfully Limited","WFL","","Jake Givoni","2022-09-09 13:24","","","",""
"9556472761","Swift Networks Group Limited","SW1","","Jake Givoni","2022-09-09 13:24","","2022-10-28 14:54","",""
"9556435000","Ora Gold","OAU","","Jake Givoni","2022-09-09 13:24","","2022-12-20 08:00","",""
"9556199959","Biome","BIO","","Greg Lowe","2022-09-09 13:24","","","",""
"9556179079","AustChina","AUH","","Jake Givoni","2022-09-09 13:24","","2023-07-03 11:29","",""
"9556179069","Delorean Corp","DEL","","Greg Lowe","2022-09-09 13:24","","2023-05-03 14:30","",""
"9556633485","Peak Minerals Limited","PUA","","Ariella Grunfeld","2022-09-09 13:24","","2022-11-07 08:00","",""
"9556633468","Scorpion Minerals Limited","SCN","","Jake Givoni","2022-09-09 13:24","","2023-01-18 11:22","",""
"9556630076","Bounty Oil & Gas NL","BUY","","Jake Givoni","2022-09-09 13:24","","","",""
"9556578618","M8 Sustainable Limited","M8S","","Ariella Grunfeld","2022-09-09 13:24","","","",""
"9556530859","Bellview Investor Relations","BEL","","Jake Givoni","2022-09-09 13:24","","","",""
"9556519540","Resolution Minerals","RML","","Ariella Grunfeld","2022-09-09 13:24","","2023-04-03 08:00","",""
"9556452178","Tempus Resources Ltd","TMR","","Ariella Grunfeld","2022-09-09 13:24","","2023-01-18 08:00","",""
"9556422290","New Zealand Oil and Gas","NZO","","Greg Lowe","2022-09-09 13:24","","2023-03-06 14:03","",""
"9556422287","Theta Gold Mines Limited","TGM","","Ariella Grunfeld","2022-09-09 13:24","","2023-03-30 09:42","",""
"9556246657","Interactive Brokers","IB","","Greg Lowe","2022-09-09 13:24","","","",""
"9556211350","VDM Group Limited","VMG","","Ariella Grunfeld","2022-09-09 13:24","","","",""
"9556633470","Parkd Ltd","PKD","","Jake Givoni","2022-09-09 13:24","","","",""
"9556630072","Key Petroleum Limited","KEY","","Ariella Grunfeld","2022-09-09 13:24","","","",""
"9556568601","Metals Australia Ltd","MLS","","Ariella Grunfeld","2022-09-09 13:24","","","",""
"9556519544","Aeon Metals","AML","","Jake Givoni","2022-09-09 13:24","","2023-02-02 08:00","",""
"9556519542","Sensera","SE1","","Ariella Grunfeld","2022-09-09 13:24","","","",""
"9556519535","Apollo Minerals Limited","AON","","Ariella Grunfeld","2022-09-09 13:24","","","",""
"9556484492","Conico Ltd","CNJ","","Jake Givoni","2022-09-09 13:24","","2023-02-27 08:00","",""
"9556464297","Jaxsta Ltd","JXT","","Jake Givoni","2022-09-09 13:24","","","",""
"9556409121","NT Minerals Limited","NTM","","Ariella Grunfeld","2022-09-09 13:24","","","",""
"9556199953","Red Metal Limited","RDM","","Ariella Grunfeld","2022-09-09 13:24","","","",""
"9556113583","Vango Mining","VAN","","Jake Givoni","2022-09-09 13:24","","","",""
"9556633473","Nuheara Limited","NUH","","Ariella Grunfeld","2022-09-09 13:24","","2022-12-14 16:00","",""
"9556630074","Knosys Limited","KNO","","Jake Givoni","2022-09-09 13:24","","","",""
"9556630070","Southern Gold Limited","SAU","","Ariella Grunfeld","2022-09-09 13:24","","2023-06-13 10:58","",""
"9556592704","Nagambie Resources","NAG","","Jake Givoni","2022-09-09 13:24","","","",""
"9556530846","Auric Mining Limited","AWJ","","Jake Givoni","2022-09-09 13:24","","","",""
"9556505973","Sihayo Gold Limited","SIH","","Ariella Grunfeld","2022-09-09 13:24","","","",""
"9556452176","Investigator Resources Ltd","IVR","","Ariella Grunfeld","2022-09-09 13:24","","2022-12-08 14:02","",""
"9556422286","Accelerate Resources Limited","AX8","","Jake Givoni","2022-09-09 13:24","","2023-02-14 16:33","",""
"9556179077","Kinetiko Energy Limited","KKO","","Jake Givoni","2022-09-09 13:24","","","",""
"9556179057","Montem Resources Limited","MR1","","Ariella Grunfeld","2022-09-09 13:24","","","",""
"9556633474","Globe Metals & Mining","GBE","","Jake Givoni","2022-09-09 13:24","","","",""
"9556519523","Auris Minerals","AUR","","Jake Givoni","2022-09-09 13:24","","2023-07-17 08:00","",""
"9556435007","Tamaska","TMK","","Jake Givoni","2022-09-09 13:24","","2023-02-15 09:27","",""
"9556409112","Simble Solutions Limited","SIS","","Jake Givoni","2022-09-09 13:24","","2023-05-01 15:16","",""
"9556179070","Argonaut Resources","ARE","","Greg Lowe","2022-09-09 13:24","","2022-11-04 08:00","","Mining & Metals"
"9556633490","Australian Dairy Nutritionals Group","AHF","","Ariella Grunfeld","2022-09-09 13:24","","","",""
"9556595234","Bryah Resources","BYH","","","2022-09-09 13:24","","","",""
"9556568593","Gibb River Diamonds Limited","GIB","","Ariella Grunfeld","2022-09-09 13:24","","2023-06-27 14:23","",""
"9556505980","Dateline Resources Limited","DTR","","Ariella Grunfeld","2022-09-09 13:24","","2023-07-18 08:00","",""
"9556494913","Wellnex Life","WNX","","Jake Givoni","2022-09-09 13:24","","","",""
"9556484502","Wrkr Ltd","WRK","","Jake Givoni","2022-09-09 13:24","","2022-11-30 14:28","",""
"9556464294","Labyrinth Resources Limited","LRL","","Jake Givoni","2022-09-09 13:24","","2023-05-22 16:00","",""
"9556422298","Carly Holdings","CL8","","Jake Givoni","2022-09-09 13:24","","","",""
"9556199960","Canyon Resources Ltd","CAY","","Ariella Grunfeld","2022-09-09 13:24","","","",""
"9556179083","Magnetic Resources","MAU","","Greg Lowe","2022-09-09 13:24","","2023-07-13 19:49","","Mining & Metals"
"9556179054","Catalina Resources Ltd (formally SHH)","SHH","","Ariella Grunfeld","2022-09-09 13:24"," +61861181672","2023-07-12 08:00","",""
"9556630073","Variscan Mines","VAR","","Jake Givoni","2022-09-09 13:24","","2023-07-17 16:02","",""
"9556568603","Singular Health Group Ltd","SHG","","Jake Givoni","2022-09-09 13:24","","2023-07-17 14:45","",""
"9556530853","Norwest Energy","NWE","","Jake Givoni","2022-09-09 13:24","","2023-02-02 17:23","",""
"9556422296","Canterbury Resources Ltd","CBY","","Jake Givoni","2022-09-09 13:24","","2023-07-14 14:05","",""
"9556422288","Jade Gas Holdings Limited","JGH","","Jake Givoni","2022-09-09 13:24","","","",""
"9556409123","Roto-Gro International Limited","RGI","","Jake Givoni","2022-09-09 13:24","","","",""
"9556409117","Elmore LTD","ELE","","Ariella Grunfeld","2022-09-09 13:24","","2023-05-30 16:10","",""
"9556246652","Aeeris","AER","","Jake Givoni","2022-09-09 13:24","","","",""
"9556246651","Aston Minerals","ASO","","Greg Lowe","2022-09-09 13:24","","","",""
"9556199956","ABx Group Limited","ABX","","Ariella Grunfeld","2022-09-09 13:24","","2023-07-18 08:00","",""
"9556113567","Mobilicom Limited","MOB","","Jake Givoni","2022-09-09 13:24","","","",""
"9556633486","Odin Metals Limited","ODM","","Jake Givoni","2022-09-09 13:24","","2023-01-23 09:13","",""
"9556633472","Meeka Gold Limited","MEK","","Ariella Grunfeld","2022-09-09 13:24","","","",""
"9556630079","Tempest Minerals Limited","TEM","","Ariella Grunfeld","2022-09-09 13:24","","2023-06-26 16:13","",""
"9556592715","Aruma Resources","AAJ","","Jake Givoni","2022-09-09 13:24","","2023-06-01 17:00","",""
"9556578621","Ragusa Minerals","RAS","","Jake Givoni","2022-09-09 13:24","","2023-05-04 15:55","",""
"9556545893","Digitalx Limited","DCC","","Ariella Grunfeld","2022-09-09 13:24","","2023-04-26 16:01","",""
"9556545892","Reach Resources Limited","RR1","","Ariella Grunfeld","2022-09-09 13:24","","2023-07-17 07:00","",""
"9556519537","Cobre Ltd","CBE","","Jake Givoni","2022-09-09 13:24","","2022-10-31 12:00","",""
"9556494923","Opyl Limited","OPL","","Jake Givoni","2022-09-09 13:24","","","",""
"9556452171","Fatfish Group Limited","FFG","","Ariella Grunfeld","2022-09-09 13:24","","2023-01-18 13:15","",""
"9556179084","DiscovEx Resources Limited","DCX","","Ariella Grunfeld","2022-09-09 13:24","","2023-04-27 08:00","",""
"9556179075","Polymetals Resources Ltd","POL","","Jake Givoni","2022-09-09 13:24","","2023-05-10 13:02","",""
"9556545895","Surefire Resources NL","SRN","","Jake Givoni","2022-09-09 13:24","","2023-06-05 08:00","",""
"9556452183","Magnetite Mines","MGT","","Greg Lowe","2022-09-09 13:24","","","",""
"9556211355","Xanadu Mines","XAM","","Ariella Grunfeld","2022-09-09 13:24","","2023-04-18 08:00","",""
"9556179056","Anatara Lifesciences","ANR","","Jake Givoni","2022-09-09 13:24","","2023-07-03 09:02","",""
"9556113578","Alliance Resources Limited","AGS","","Jake Givoni","2022-09-09 13:24","","","",""
"9556113573","Gratifii","GTI","","Jake Givoni","2022-09-09 13:24","","","",""
"9556530860","Orcoda Limited","ODA","","Ariella Grunfeld","2022-09-09 13:24","","","",""
"9556472844","Western Kaolin","WAK","","Greg Lowe","2022-09-09 13:24","","","",""
"9556199955","Xantippe Resources Limited","XTC","","Ariella Grunfeld","2022-09-09 13:24","","2023-05-12 11:26","",""
"9556113582","Horizon Minerals","HRZ","","Jake Givoni","2022-09-09 13:24","","","",""
"9556113579","EV Resources Limited","EVR","","Ariella Grunfeld","2022-09-09 13:24","","2022-11-25 13:10","",""
"9556630071","Essential Metals Limited","ESS","","Ariella Grunfeld","2022-09-09 13:24","","","",""
"9556595235","Change Financial","CCA","","Jake Givoni","2022-09-09 13:24","","","",""
"9556595233","DXN Limited","DXN","","Jake Givoni","2022-09-09 13:24","","","",""
"9556556558","Stonehorse Energy Limited","SHE","","Greg Lowe","2022-09-09 13:24","","","","Oil & Energy"
"9556556552","Alice Queen","AQX","","Jake Givoni","2022-09-09 13:24","","","",""
"9556556547","EQ Resources","EQR","","Ariella Grunfeld","2022-09-09 13:24","","","",""
"9556519530","Magnum Mining and Exploration Limited","MGU","","Ariella Grunfeld","2022-09-09 13:24","","2023-07-10 16:22","",""
"9556505965","Parkway Minerals","PWN","","Jake Givoni","2022-09-09 13:24","","2023-07-06 08:00","",""
"9556464290","Northern Minerals Limited","NTU","","Ariella Grunfeld","2022-09-09 13:24","","","",""
"9556464285","Javelin Minerals Limited","JAV","","Ariella Grunfeld","2022-09-09 13:24","","","",""
"9556434996","Akora Resources Limited","AKO","","Jake Givoni","2022-09-09 13:24","","2023-07-18 09:01","",""
"9556422291","Greenstone Resources Limited","GSR","","Ariella Grunfeld","2022-09-09 13:24","","2023-02-14 08:00","",""
"9556211352","Helix Resources","HLX","","Greg Lowe","2022-09-09 13:24","","2023-07-17 15:13","",""
"9556179080","Mount Ridley Mines Limited","MRD","","Ariella Grunfeld","2022-09-09 13:24","","2023-02-20 10:01","",""
"9556113581","Marvel Gold Limited","MVL","","Jake Givoni","2022-09-09 13:24","","2023-05-05 13:34","","Mining & Metals"
"9556633480","Bulletin Resources Limited","BNR","","Ariella Grunfeld","2022-09-09 13:24","","","",""
"9556630078","CZR Resources Ltd","CZR","","Ariella Grunfeld","2022-09-09 13:24","","2023-02-06 12:46","",""
"9556578626","HSC Technology","HSC","","Jake Givoni","2022-09-09 13:24","","2023-04-27 14:15","",""
"9556484488","Blackearth Minerals","BEM","","Jake Givoni","2022-09-09 13:24","","","",""
"9556472845","Red Mountain Mining Limited","RMX","","Ariella Grunfeld","2022-09-09 13:24","","2023-05-31 08:00","",""
"9556472842","Traka Resources Limited","TKL","","Jake Givoni","2022-09-09 13:24","","2023-07-04 15:34","",""
"9556452182","Superior Resources Limited","SPQ","","Ariella Grunfeld","2022-09-09 13:24","","2023-05-15 08:00","",""
"9556435006","Pilot Energy Limited","PGY","","Ariella Grunfeld","2022-09-09 13:24","","2022-11-21 11:38","",""
"9556434997","Inventis","IVT","","Greg Lowe","2022-09-09 13:24","","","",""
"9556422292","Propell Holdings Limited","PHL","","Jake Givoni","2022-09-09 13:24","","","",""
"9556409122","Frontier Resources Limited","FNT","","Jake Givoni","2022-09-09 13:24","","","",""
"9556246654","Analytica","ALT","","","2022-09-09 13:24","","2023-03-08 13:17","",""
"9556199963","Pancontinental Energy NL","PCL","","Ariella Grunfeld","2022-09-09 13:24","","","",""
"9556179066","Sultan Resources Ltd","SLZ","","Ariella Grunfeld","2022-09-09 13:24","","2023-02-10 13:01","",""
"9556113580","Metallica Minerals","MLM","","Greg Lowe","2022-09-09 13:24","","2022-11-28 14:15","",""
"9556633487","Hawthorn Resources Limited","HAW","","Ariella Grunfeld","2022-09-09 13:24","","","",""
"9556595236","Environmental Clean Technology","ECT","","Jake Givoni","2022-09-09 13:24","","2023-06-21 11:53","",""
"9556595225","Lachlan Star Limited","LSA","","Ariella Grunfeld","2022-09-09 13:24","","2023-04-27 15:32","",""
"9556556556","Alara Resources Limited","AUQ","","Ariella Grunfeld","2022-09-09 13:24","","","",""
"9556519526","Legacy Iron Ore Limited","LCY","","Ariella Grunfeld","2022-09-09 13:24","","","",""
"9556494929","Minrex Reosurces Limited","MRR","","Ariella Grunfeld","2022-09-09 13:24","","2023-07-07 15:07","",""
"9556494928","Mindax Limited","MDX","","Jake Givoni","2022-09-09 13:24","","","",""
"9556494908","Hexagon","HXG","","Greg Lowe","2022-09-09 13:24","","2023-07-06 14:27","",""
"9556484496","4DS Memory Limited","4DS","","Ariella Grunfeld","2022-09-09 13:24","","2023-06-21 14:15","",""
"9556472837","Marvel Gold Limited","MVL","","Jake Givoni","2022-09-09 13:24","","","",""
"9556472834","IronBark Zinc","IBG","","Ariella Grunfeld","2022-09-09 13:24","","2023-05-26 08:00","",""
"9556452185","nanollose Limited","NC6","","Ariella Grunfeld","2022-09-09 13:24","","","",""
"9556246659","Aurumin","AUN","","Ariella Grunfeld","2022-09-09 13:24","","","",""
"9556246658","Activex","AIV","","Greg Lowe","2022-09-09 13:24","","","",""
"9556113575","Advance Metals Limited","AVM","","Ariella Grunfeld","2022-09-09 13:24","","2023-07-10 13:24","",""
"9556113572","AusQuest Limited","AQD","","Jake Givoni","2022-09-09 13:24","","","",""
"9556494922","Stellar Resources Limited","SRZ","","Ariella Grunfeld","2022-09-09 13:24","","2023-05-22 08:00","",""
"9556452189","Kneomedia","KNM","","Jake Givoni","2022-09-09 13:24","","2023-01-31 08:00","",""
"9556435003","Avira Resources Ltd","AVW","","Ariella Grunfeld","2022-09-09 13:24","","2022-10-31 13:51","",""
"9556633488","Great Southern Mining","GSN","","Ariella Grunfeld","2022-09-09 13:24","","2023-02-01 08:00","",""
"9556633479","EMetals Limited","EMT","","Ariella Grunfeld","2022-09-09 13:24","","2023-03-09 08:00","",""
"9556633478","Cradle Resources Limited","CXX","","Ariella Grunfeld","2022-09-09 13:24","","","",""
"9556595228","Schrole Group Ltd","SCL","","Ariella Grunfeld","2022-09-09 13:24","","","",""
"9556592712","Citigold Corporation Limited","CTO","","Jake Givoni","2022-09-09 13:24","","","",""
"9556578616","GTI Resources Limited","GTR","","Ariella Grunfeld","2022-09-09 13:24","","2022-10-25 16:29","",""
"9556545900","Rincon Resources","RCR","","Jake Givoni","2022-09-09 13:24","","","",""
"9556545890","Papyrus Australia Limited","PPY","","Ariella Grunfeld","2022-09-09 13:24","","","",""
"9556464295","Memphasys Limited","MEM","","Ariella Grunfeld","2022-09-09 13:24","","","",""
"9556464291","9 Spokes International Limited","9SP","","Ariella Grunfeld","2022-09-09 13:24","","","",""
"9556422294","Enterprise Metals Limited","ENT","","Ariella Grunfeld","2022-09-09 13:24","","2023-07-17 08:00","",""
"9556199954","Reedy Lagoon","RLC","","Greg Lowe","2022-09-09 13:24","","2023-05-10 14:15","",""
"9556199950","Discovery Alaska Limited","DAF","","Jake Givoni","2022-09-09 13:24","","2023-05-30 14:15","",""
"9556179058","GME Resources","GME","","Ariella Grunfeld","2022-09-09 13:24","","","",""
"9556630075","Emmerson Resources Limited","ERM","","Ariella Grunfeld","2022-09-09 13:24","","","",""
"9556556469","Unith","CM8","","Jake Givoni","2022-09-09 13:24","","2023-01-31 14:15","","Broadcast Media"
"9556530855","Global Oil & Gas Limited","GLV","","Ariella Grunfeld","2022-09-09 13:24","","2023-05-25 16:45","",""
"9556530843","Avecho Biotechnology Limited","AVE","","Jake Givoni","2022-09-09 13:24","","2023-02-02 08:00","",""
"9556505972","Great Northern Minerals Limited","GNM","","Ariella Grunfeld","2022-09-09 13:24","","2023-07-03 17:04","",""
"9556494925","Buxton Resources Limited","BUX","","Ariella Grunfeld","2022-09-09 13:24","","2022-11-19 20:06","",""
"9556484493","Cirralto Limited","CRO","","Ariella Grunfeld","2022-09-09 13:24","","","",""
"9556452180","Riedel Resources Limited","RIE","","Jake Givoni","2022-09-09 13:24","","2023-02-17 11:23","",""
"9556211358","Sports Hero","SHO","","Greg Lowe","2022-09-09 13:24","","","",""
"9556199958","South Harz Potash Limited","SHP","","Ariella Grunfeld","2022-09-09 13:24","","","",""
"9556199952","NuEnergy Gas Limited","NGY","","Jake Givoni","2022-09-09 13:24","","","",""
"9556556555","Alderan Resources Limited","AL8","","Jake Givoni","2022-09-09 13:24","","2023-04-04 13:26","",""
"9556545894","Alexium International Group Limited","AJX","","Ariella Grunfeld","2022-09-09 13:24","","","",""
"9556505967","Tymlez Group Limited","TYM","","Ariella Grunfeld","2022-09-09 13:24","","","",""
"9556464298","AXP Energy","AXP","","","2022-09-09 13:24","","","",""
"9556435008","AusGold Limited","AUC","","Ariella Grunfeld","2022-09-09 13:24","","","",""
"9556179059","Kore Potash","KP2","","Greg Lowe","2022-09-09 13:24","","2023-05-10 14:15","",""
"9556113564","Cassius Mining Limited","CMD","","Paul Franklin","2022-09-09 13:24","","2023-02-01 12:02","",""
"9556595230","Couldron Energy","CXU","","Jake Givoni","2022-09-09 13:24","","","",""
"9556568600","Redstone Resources","RDS","","Ariella Grunfeld","2022-09-09 13:24","","2023-05-17 14:15","",""
"9556494915","Prominence Energy Limited","PRM","","Ariella Grunfeld","2022-09-09 13:24","","","",""
"9556494907","Strategic Energy Resources Limited","SER","","Ariella Grunfeld","2022-09-09 13:24","","","",""
"9556484498","Bluechiip Limited","BCT","","Ariella Grunfeld","2022-09-09 13:24","","2023-02-21 11:00","",""
"9556484491","TZ Limited","TZL","","Ariella Grunfeld","2022-09-09 13:24","","","",""
"9556113574","Tlou Energy","TOU","","Greg Lowe","2022-09-09 13:24","","","",""
"9556592708","Truscreen Group Limited","TRU","","Jake Givoni","2022-09-09 13:24","","2023-01-20 12:01","",""
"9556568602","Centrex Metals Limited","CXM","","Ariella Grunfeld","2022-09-09 13:24","","","",""
"9556422293","Peppermint Innovation Limited","PIL","","Jake Givoni","2022-09-09 13:24","","2023-06-01 08:00","",""
"9556545891","MRG Metals Limited","MRQ","","Ariella Grunfeld","2022-09-09 13:24","","2023-03-15 15:17","",""
"9556505962","Peak Resources Limited","PEK","","Ariella Grunfeld","2022-09-09 13:24","","","",""
"9556633467","Argosy Minerals Limited","AGY","","Greg Lowe","2022-09-09 13:24","","2023-02-13 21:17","",""
"9556630067","TNG Limited","TNG","","Ariella Grunfeld","2022-09-09 13:24","","","",""
"9556578610","Ocean Grown Abalone Limited","OGA","","Ariella Grunfeld","2022-09-09 13:24","","","",""
"9556568594","Encounter Resources","ENR","","Jake Givoni","2022-09-09 13:24","","","",""
"9556568590","Resonance Health Limited","RTH","","Ariella Grunfeld","2022-09-09 13:24","","","",""
"9556545886","Alma Metals","AFR","","Ariella Grunfeld","2022-09-09 13:24","","2023-07-06 16:38","",""
"9556519531","Yari Minerals","CZL","","Jake Givoni","2022-09-09 13:24","","2023-06-26 11:00","",""
"9556505968","Spectur","SP3","","Greg Lowe","2022-09-09 13:24","","","",""
"9556409109","Bio-Gene Technology Ltd","BGT","","Ariella Grunfeld","2022-09-09 13:24","","","",""
"9556211347","Hammer Metals Limited","HMX","","Ariella Grunfeld","2022-09-09 13:24","","2023-01-27 14:13","",""
"9556179072","Warriedar Resources","AWV","","Jake Givoni","2022-09-09 13:24","","2023-04-03 17:20","","Mining & Metals"
"9556633464","Enegex Limited","ENX","","Ariella Grunfeld","2022-09-09 13:24","","","",""
"9556592707","Thomson Resources","TMZ","","Ariella Grunfeld","2022-09-09 13:24","","2023-01-06 14:55","",""
"9556556468","Lithium Australia NL","LIT","","Ariella Grunfeld","2022-09-09 13:24","","","",""
"9556519525","Rimfire Pacific Mining NL","RIM","","Ariella Grunfeld","2022-09-09 13:24","","2023-02-08 08:00","",""
"9556505961","Sunstone Metals Ltd","STM","","Ariella Grunfeld","2022-09-09 13:24","","","",""
"9556494909","Infinity Lithium Corporation Limited","INF","","Ariella Grunfeld","2022-09-09 13:24","","","",""
"9556484484","Cann Global Limited","CGB","","Ariella Grunfeld","2022-09-09 13:24","","","",""
"9556484482","Avenira Limited","AEV","","Greg Lowe","2022-09-09 13:24","","2023-06-23 16:04","",""
"9556472755","Tombador Iron Limited","TI1","","Ariella Grunfeld","2022-09-09 13:24","","2023-02-20 10:10","",""
"9556464286","Auris Minerals Limited","AUR","","Ariella Grunfeld","2022-09-09 13:24","","","",""
"9556434993","Perpetual Resources Limited","PEC","","Ariella Grunfeld","2022-09-09 13:24","","","",""
"9556246645","Neurotech International Limited","NTI","","Ariella Grunfeld","2022-09-09 13:24","","","",""
"9556199949","Oilex LTD","OEX","","Ariella Grunfeld","2022-09-09 13:24","","","",""
"9556630068","Living Cell Technologies Limited","LCT","","Ariella Grunfeld","2022-09-09 13:24","","","",""
"9556592701","Golden State Mining Limited","GSM","","Jake Givoni","2022-09-09 13:24","","2023-05-31 11:38","",""
"9556578623","Great Boulder Resources","GBR","","Ariella Grunfeld","2022-09-09 13:24","","2022-11-16 08:00","",""
"9556578614","Golden Rim Resources","GMR","","Ariella Grunfeld","2022-09-09 13:24","","2023-07-10 11:15","",""
"9556530841","Tigers Realm Coal Limited","TIG","","Ariella Grunfeld","2022-09-09 13:24","","","",""
"9556519532","Babylon Pump and Power","BPP","","Ariella Grunfeld","2022-09-09 13:24","","2022-11-04 08:00","",""
"9556519522","Auteco Minerals LTD","AUT","","Ariella Grunfeld","2022-09-09 13:24","","2023-04-28 14:10","",""
"9556519519","Plantina Resources Limited","PGM","","Ariella Grunfeld","2022-09-09 13:24","","2023-06-05 08:00","",""
"9556519516","Podium Minerals Limited","POD","","Ariella Grunfeld","2022-09-09 13:24","","","",""
"9556505964","MPower Group Limited","MPR","","Ariella Grunfeld","2022-09-09 13:24","","","",""
"9556505963","Antilles Gold Limited","AAU","","Ariella Grunfeld","2022-09-09 13:24","","2023-05-10 15:26","",""
"9556484478","Nucoal Resources Limited","NCR","","Ariella Grunfeld","2022-09-09 13:24","","","",""
"9556484476","Alicanto Minerals Limited","AQI","","Ariella Grunfeld","2022-09-09 13:24","","2023-07-18 09:00","",""
"9556464279","Admiralty Resources","ADY","","Jake Givoni","2022-09-09 13:24","","","",""
"9556452172","Emperor Energy Limited","EMP","","Ariella Grunfeld","2022-09-09 13:24","","2023-06-19 08:00","",""
"9556409110","Santana Minerals Limited","SMI","","Ariella Grunfeld","2022-09-09 13:24","","","",""
"9556246642","Global Energy Ventures Ltd","GEV","","Ariella Grunfeld","2022-09-09 13:24","","","",""
"9556211348","Eve Investments","EVE","","Jake Givoni","2022-09-09 13:24","","","",""
"9556211345","Hartshead Resources NL","HHR","","Ariella Grunfeld","2022-09-09 13:24","","","",""
"9556179063","Macro Metals Limited","KFE","","Ariella Grunfeld","2022-09-09 13:24","","2023-06-30 08:00","",""
"9556578608","Metgasco","MEL","","Greg Lowe","2022-09-09 13:24","","2023-07-11 15:11","",""
"9556578607","White Cliff Minerals Limited","WCN","","Ariella Grunfeld","2022-09-09 13:24","","2023-07-14 16:06","",""
"9556545889","Reach Resources","CVS","","Greg Lowe","2022-09-09 13:24","","","",""
"9556545885","Lepidico Ltd","LPD","","Jake Givoni","2022-09-09 13:24","","2023-06-07 12:59","",""
"9556530842","Cellmid","CDY","","Greg Lowe","2022-09-09 13:24","","","",""
"9556530839","Ausmon Resources Limited","AOA","","Jake Givoni","2022-09-09 13:24","","","",""
"9556519517","Lifespot Health Ltd","LSH","","Ariella Grunfeld","2022-09-09 13:24","","","",""
"9556472759","Bounty Oil & Gas NL","BUY","","Ariella Grunfeld","2022-09-09 13:24","","","",""
"9556464280","Tamaska Oil & Gas","TMK","","Greg Lowe","2022-09-09 13:24","","","",""
"9556199957","QX Resources Limited","QXR","","Ariella Grunfeld","2022-09-09 13:24","","","",""
"9556113562","Gateway Mining","GML","","Jake Givoni","2022-09-09 13:24","","2023-06-14 16:49","",""
"9556578622","Medibio","MEB","","Ariella Grunfeld","2022-09-09 13:24","","","",""
"9556530845","Wooboard Technologies Limited","WOO","","Ariella Grunfeld","2022-09-09 13:24","","","",""
"9556464287","Viking Mines","VKA","","Ariella Grunfeld","2022-09-09 13:24","","2023-04-18 13:56","",""
"9556409115","Marmota Limited","MEU","","Ariella Grunfeld","2022-09-09 13:24","","","",""
"9556199951","SI6 Metals Limited","SI6","","Ariella Grunfeld","2022-09-09 13:24","","2022-11-15 08:00","",""
"9556199948","Matsa Resources Limited","MAT","","Jake Givoni","2022-09-09 13:24","","","",""
"9556199947","Castle Minerals","CDT","","Jake Givoni","2022-09-09 13:24","","2023-07-17 14:41","","Mining & Metals"
"9556179073","Pacific Nickel Mines Limited","PNM","","Ariella Grunfeld","2022-09-09 13:24","","2023-03-10 16:16","",""
"9556179064","Empire Resources Limited","ERL","","Jake Givoni","2022-09-09 13:24","","","",""
"9556113569","Riversgold Limited","RGL","","Ariella Grunfeld","2022-09-09 13:24","","2023-05-08 15:00","",""
"9556633476","Houston We Have","HWH","","Greg Lowe","2022-09-09 13:24","","","",""
"9556592706","Intra Energy Corporation Limited","IEC","","Ariella Grunfeld","2022-09-09 13:24","","","",""
"9556578612","FreeHill Mining Limited","FHS","","Ariella Grunfeld","2022-09-09 13:24","","","",""
"9556578609","Hillgrove Resources Limited","HGO","","Ariella Grunfeld","2022-09-09 13:24","","2023-06-14 19:22","",""
"9556556472","American Rare Earths Limited","ARR","","Ariella Grunfeld","2022-09-09 13:24","","2022-10-24 17:23","",""
"9556519521","First AU Limited","FAU","","Ariella Grunfeld","2022-09-09 13:24","","","",""
"9556519520","Brightstar Resources","BTR","","Jake Givoni","2022-09-09 13:24","","","",""
"9556505971","Critical Resources","CRR","","Ariella Grunfeld","2022-09-09 13:24","","2023-07-13 15:36","",""
"9556494904","LDA Capital","ABC","","Jake Givoni","2022-09-09 13:24","","","",""
"9556484477","Jupiter Energy","JPR","","Ariella Grunfeld","2022-09-09 13:24","","","",""
"9556434992","Cullen Resources Limited","CUL","","Jake Givoni","2022-09-09 13:24","","2022-11-16 08:00","",""
"9556422282","Carnegie Clean Energy Limited","CCE","","Jake Givoni","2022-09-09 13:24","","2022-11-23 12:52","",""
"9556246650","Everest Metals Corporation Ltd","TSC","","Ariella Grunfeld","2022-09-09 13:24","","2023-01-19 15:38","",""
"9556246644","Great Western Exploration","GTE","","Jake Givoni","2022-09-09 13:24","","","",""
"9556211353","Resources & Energy Group","REZ","","Jake Givoni","2022-09-09 13:24","","2023-07-17 08:00","",""
"9556113560","St George Mining Limited","SGQ","","Ariella Grunfeld","2022-09-09 13:24","","","",""
"9556633484","Hannans LTD","HNR","","Ariella Grunfeld","2022-09-09 13:24","","2023-07-14 16:25","",""
"9556633465","Altech Batteries","ATC","","Greg Lowe","2022-09-09 13:24","","2023-06-06 11:01","",""
"9556595226","Raiden Resources","RDN","","Ariella Grunfeld","2022-09-09 13:24","","2023-06-30 08:00","",""
"9556592702","Taruga Minerals Limited","TAR","","Ariella Grunfeld","2022-09-09 13:24","","2022-11-21 16:12","",""
"9556545887","Angel Seafood","AS1","","Greg Lowe","2022-09-09 13:24","","","",""
"9556530849","Metal Hawk Limited","MHK","","Jake Givoni","2022-09-09 13:24","","2023-07-18 08:00","",""
"9556519528","Rewardle Holdings Limited","RXH","","Jake Givoni","2022-09-09 13:24","","2023-06-23 08:00","",""
"9556519518","Octanex Limited","OXX","","Ariella Grunfeld","2022-09-09 13:24","","","",""
"9556505970","Moho Resources","MOH","","Jake Givoni","2022-09-09 13:24","","2023-04-17 08:00","",""
"9556494906","Classic Minerals LTD","CLZ","","Greg Lowe","2022-09-09 13:24","","2022-12-07 14:58","","Mining & Metals"
"9556484481","Elementos","ELT","","Greg Lowe","2022-09-09 13:24","","","",""
"9556472832","Prodigy Gold NL","PRX","","Ariella Grunfeld","2022-09-09 13:24","","2022-11-14 15:21","",""
"9556434991","Indiana Resources Limited","IDA","","Ariella Grunfeld","2022-09-09 13:24","","","",""
"9556422281","Group 6 Metals","KIS","","Jake Givoni","2022-09-09 13:24","","2023-06-07 14:15","Australia",""
"9556409118","Blue Star Helium","BNL","","Jake Givoni","2022-09-09 13:24","","2023-07-10 14:15","",""
"9556246649","Inca Minerals","ICG","","Jake Givoni","2022-09-09 13:24","","2023-07-06 14:26","",""
"9556246647","Laneway Resources LTD","LNY","","Ariella Grunfeld","2022-09-09 13:24","","","",""
"9556633466","Encounter Resources Limited","ENR","","Jake Givoni","2022-09-09 13:24","","","",""
"9556595222","ResApp Health Limited","RAP","","Jake Givoni","2022-09-09 13:24","","","",""
"9556595221","Pure Hydrogen","PH2","","Greg Lowe","2022-09-09 13:24","","2023-01-16 10:00","",""
"9556595220","GBM Resources","GBZ","","Greg Lowe","2022-09-09 13:24","","","",""
"9556494918","Chase Mining Limited","CML","","Jake Givoni","2022-09-09 13:24","","","",""
"9556484489","Adavale Resources Limited","ADD","","Jake Givoni","2022-09-09 13:24","","2023-03-14 08:00","",""
"9556472758","Ora Banda Mining","OBM","","Jake Givoni","2022-09-09 13:24","","","",""
"9556472757","Zelira Therapeutics","ZLD","","Greg Lowe","2022-09-09 13:24","","","",""
"9556464283","Emu NL","EMU","","Jake Givoni","2022-09-09 13:24","","2023-01-31 12:00","",""
"9556452179","Dart Mining","DTM","","Jake Givoni","2022-09-09 13:24","","2023-04-12 17:12","",""
"9556422285","Arrow Minerals","AMD","","Ariella Grunfeld","2022-09-09 13:24","","2023-07-18 08:00","",""
"9556422283","Latrobe Magnesium Limited","LMG","","Jake Givoni","2022-09-09 13:24","","","",""
"9556246653","Zoono Group Limited","ZNO","","Jake Givoni","2022-09-09 13:24","","","",""
"9556211349","Manhattan Corporation Limited","MHC","","Jake Givoni","2022-09-09 13:24","","2023-07-10 14:40","",""
"9556199946","Caprice Resources","CRS","","Jake Givoni","2022-09-09 13:24","","2023-07-06 09:26","",""
"9556179061","Austral Gold Limited","AGD","","Jake Givoni","2022-09-09 13:24","","2023-04-05 14:15","",""
"9556113561","ADX Energy","ADX","","Greg Lowe","2022-09-09 13:24","","","",""
"9556633463","Delecta Limited","DLC","","Jake Givoni","2022-09-09 13:24","","","",""
"9556595223","Invion Group","IVX","","Jake Givoni","2022-09-09 13:24","","2023-03-29 08:00","",""
"9556592709","Wingara AG Limited","WNR","","Jake Givoni","2022-09-09 13:24","","","",""
"9556578611","Todd River","TRT","","Greg Lowe","2022-09-09 13:24"," +61 86166-0255","2022-11-17 13:15","Australia","Mining & Metals"
"9556545884","Gladiator Resources Limited","GLA","","Ariella Grunfeld","2022-09-09 13:24","","2023-06-27 08:00","",""
"9556530840","Actinogen Medical","ACW","","Greg Lowe","2022-09-09 13:24","","2023-06-13 14:15","",""
"9556494914","Amplia Therapeutics Limited","ATX","","Jake Givoni","2022-09-09 13:24","","2022-12-19 10:05","",""
"9556494912","Alchemy Resources","ALY","","Jake Givoni","2022-09-09 13:24","","2023-06-12 08:00","",""
"9556494910","Trek Metals Limited","TKM","","Jake Givoni","2022-09-09 13:24","","2022-11-08 16:04","",""
"9556484495","Truscott Mining Corporation Limited","TRM","","Jake Givoni","2022-09-09 13:24","","2023-02-08 08:58","",""
"9556484483","Battery Minerals Limited","BAT","","Jake Givoni","2022-09-09 13:24","","2023-03-27 08:00","",""
"9556484480","Lodestar","LSR","","Greg Lowe","2022-09-09 13:24","610893898799","2023-07-17 13:03","Australia","Mining & Metals"
"9556464282","VIP Gloves","VIP","","Jake Givoni","2022-09-09 13:24","","","",""
"9556452177","Hillgrove","HGO","","Ariella Grunfeld","2022-09-09 13:24","","","",""
"9556434995","Kopore Metals Limited","KMT","","Jake Givoni","2022-09-09 13:24","","","",""
"9556409114","St George Mining Limited","SGQ","","Jake Givoni","2022-09-09 13:24","","2022-10-24 08:40","",""
"9556633475","Krakatoa Resources Limited","KTA","","Jake Givoni","2022-09-09 13:24","","2023-04-13 08:00","",""
"9556595224","Avenira Limited","AEV","","Jake Givoni","2022-09-09 13:24","","2023-04-20 14:15","",""
"9556464284","Astro Resources","ARO","","Jake Givoni","2022-09-09 13:24","","","",""
"9556464281","Harris  Technology","HT8","","Greg Lowe","2022-09-09 13:24","","2023-03-23 14:15","",""
"9556434999","Aumake Limited","AUK","","Jake Givoni","2022-09-09 13:24","","2023-02-28 08:00","",""
"9556422289","GBM Resources","GBZ","","Greg Lowe","2022-09-09 13:24","","","",""
"9556422284","Icon Energy Limited","ICN","","Ariella Grunfeld","2022-09-09 13:24","","","",""
"9556211346","Spectur Limited","SP3","","Jake Givoni","2022-09-09 13:24","","","",""
"9556630066","Korab Resources","KOR","","Jake Givoni","2022-09-09 13:24","","2023-05-26 08:00","",""
"9556578613","Renegade Exploration Limited","RNX","","Paul Franklin","2022-09-09 13:24","","2023-04-27 11:45","",""
"9556568589","Danakali","DNK","","Greg Lowe","2022-09-09 13:24","","","",""
"9556494905","Cannindah Resources","CAE","","Jake Givoni","2022-09-09 13:24","","2023-06-22 15:56","",""
"9556472756","Thor Mining","THR","","Jake Givoni","2022-09-09 13:24","","2023-05-31 14:15","",""
"9556452181","PNX Metals","PNX","","Greg Lowe","2022-09-09 13:24","","","",""
"9556452174","Terrain Minerals","TMX","","Jake Givoni","2022-09-09 13:24"," +61 8 9381 5558","2023-05-24 11:19","Australia","Mining & Metals"
"9556113563","Tali Digital","TD1","","Greg Lowe","2022-09-09 13:24","","","",""
"9556545888","Kalina Power","KPO","","Jake Givoni","2022-09-09 13:24","","2023-05-10 11:04","",""
"9556519524","Carnavale Resources Limited","CAV","","Jake Givoni","2022-09-09 13:24","","2023-07-17 08:00","",""
"9556505969","Kingwest Resources","KWR","","Jake Givoni","2022-09-09 13:24","","2022-12-16 13:55","",""
"9556472760","Southern Hemisphere Mining","SUH","","Jake Givoni","2022-09-09 13:24","","2023-07-13 11:06","","Mining & Metals"
"9556409111","Kopore Metals Limited","KMT","","Jake Givoni","2022-09-09 13:24","","2023-01-24 09:32","",""
"9556246643","Alchemy Resources","ALY","","Jake Givoni","2022-09-09 13:24","","","",""
"9556113570","Comet Resources","CRL","","Jake Givoni","2022-09-09 13:24","","","",""
